{
  "main": {
    "id": "8d845cadb672f1da",
    "type": "split",
    "children": [
      {
        "id": "fb17f80be4eecfe8",
        "type": "tabs",
        "children": [
          {
            "id": "26511ebd3e74b03a",
            "type": "leaf",
            "state": {
              "type": "markdown",
              "state": {
                "file": "learning/educative/golang-mastery/Golang Mastery.md",
                "mode": "source",
                "source": false
              }
            }
          }
        ]
      }
    ],
    "direction": "vertical"
  },
  "left": {
    "id": "a8214cbc15a7c3e9",
    "type": "split",
    "children": [
      {
        "id": "c776118243eec1c0",
        "type": "tabs",
        "children": [
          {
            "id": "4dff1cf0fb4a870f",
            "type": "leaf",
            "state": {
              "type": "search",
              "state": {
                "query": "",
                "matchingCase": false,
                "explainSearch": false,
                "collapseAll": false,
                "extraContext": false,
                "sortOrder": "alphabetical"
              }
            }
          },
          {
            "id": "7299fa49e399cae6",
            "type": "leaf",
            "state": {
              "type": "starred",
              "state": {}
            }
          }
        ],
        "currentTab": 1
      }
    ],
    "direction": "horizontal",
    "width": 492.5026054382324
  },
  "right": {
    "id": "cf6a632cd62e777b",
    "type": "split",
    "children": [
      {
        "id": "7a4e5c05a42cb736",
        "type": "tabs",
        "children": [
          {
            "id": "47822ea39c30cef0",
            "type": "leaf",
            "state": {
              "type": "backlink",
              "state": {
                "file": "learning/educative/golang-mastery/Golang Mastery.md",
                "collapseAll": false,
                "extraContext": false,
                "sortOrder": "alphabetical",
                "showSearch": false,
                "searchQuery": "",
                "backlinkCollapsed": false,
                "unlinkedCollapsed": true
              }
            }
          },
          {
            "id": "f80b164e6ca1423b",
            "type": "leaf",
            "state": {
              "type": "outgoing-link",
              "state": {
                "file": "learning/educative/golang-mastery/Golang Mastery.md",
                "linksCollapsed": false,
                "unlinkedCollapsed": true
              }
            }
          },
          {
            "id": "27b4306943d5ad06",
            "type": "leaf",
            "state": {
              "type": "tag",
              "state": {
                "sortOrder": "frequency",
                "useHierarchy": true
              }
            }
          },
          {
            "id": "0161dabe146d6852",
            "type": "leaf",
            "state": {
              "type": "outline",
              "state": {
                "file": "learning/educative/golang-mastery/Golang Mastery.md"
              }
            }
          },
          {
            "id": "739e4b3a73888e0e",
            "type": "leaf",
            "state": {
              "type": "review-queue-list-view",
              "state": {}
            }
          }
        ],
        "currentTab": 4
      }
    ],
    "direction": "horizontal",
    "width": 300,
    "collapsed": true
  },
  "left-ribbon": {
    "hiddenItems": {
      "switcher:Open quick switcher": false,
      "graph:Open graph view": false,
      "canvas:Create new canvas": false,
      "daily-notes:Open today's daily note": false,
      "templates:Insert template": false,
      "command-palette:Open command palette": false,
      "audio-recorder:Start/stop recording": false,
      "markdown-importer:Open format converter": false,
      "publish:Publish changes": false,
      "workspaces:Manage workspace layouts": false,
      "table-editor-obsidian:Advanced Tables Toolbar": false,
      "obsidian-excalidraw-plugin:Create new drawing": false,
      "obsidian-full-calendar:Open Full Calendar": false,
      "mermaid-tools:Open Mermaid Toolbar": false,
      "obsidian-markbase:Sync all Markbase projects": false,
      "obsidian-spaced-repetition:Review flashcards": false
    }
  },
  "active": "7299fa49e399cae6",
  "lastOpenFiles": [
    "Untitled Diagram 1.svg",
    "learning/educative/golang-mastery/Golang Mastery.md",
    "2023-04-22.md",
    "Untitled Diagram.svg",
    "vs-code/VS Code Tips and Hints.md",
    "learning/learning-tracker/Learning Tracker.md",
    "hashicorp/work-log/jira-tickets/TF-5320.md",
    "learning/problem-solving-skills/Polya Problem Solving Technique.md",
    "learning/learning-tracker",
    "learning/educative/golang-mastery",
    "learning/educative",
    "vs-code/VS Code Flashcards.md",
    "Day Planners/Day Planner-20230421.md",
    "vs-code",
    "hashicorp/work-log/jira-tickets/TF-5832.md",
    "hashicorp/on-call/on-call-status-update/status-update-20230417/Status update for on-call 20230417.md",
    "Day Planners/Day Planner-20230422.md",
    "hashicorp/work-log",
    "learning/learn-go-with-tests/Learn Go with tests.md",
    "hashicorp/nightly-builds/TFE Nightly Tips and Tricks.md",
    "Day Planners/Day Planner-20230420.md",
    "learning/udemy/dart-and-flutter-the-complete-developers-guide/Dart and Flutter The Complete Developers Guide.md",
    "2023-04-20.md",
    "learning/problem-solving-skills",
    "hashicorp/work-log/jira-tickets",
    "open-source-contribution",
    "hashicorp/on-call/Untitled",
    "launchcode-liftoff-mentor/thursday-night-notes/20230420 Notes.md",
    "images/github-actions-failed-test-ui-interaction.gif",
    "images/geekbot-entry.png",
    "hashicorp/nightly-builds/Nightly Build Debugging.md",
    "learning/troubleshooting-methods/Troubleshooting Methods.md",
    "Day Planners/Day Planner-20230322.md",
    "Day Planners/Day Planner-20230323.md",
    "Day Planners/Day Planner-20230324.md",
    "Day Planners/Day Planner-20230419.md",
    "launchcode-liftoff-mentor/thursday-night-notes",
    "learning/udemy/the-git-and-github-bootcamp/Git and Github Udemy Course.md",
    "projects/nba-app/NBA App Docs.md"
  ]
}